No,Title,Price,Stock
1,Sepatu pria boots kerja safety sepatu laki proyek lapangan touring tracking terlaris,425000,100
2,Sepatu boots pria kerja original ujung besi casual proyek lapangan terlaris,275000,100
3,Sepatu pria boots safety casual sepatu laki kerja proyek lapangan terbaru terlaris,265000,100
4,Mile Sepatu Kasual Sneakers Pria Roman Import Kekinian Terbaru 2021,120000,123
5,Sepatu PDL Komando,149000,992
6,Sepatu Weidenmann Original Commander 03 Black,229900,1
7,Sepatu Gunung Beckham Paramount,77000,989
8,Aerostreet 36-45 Hoops Army Gum - Sepatu Sneakers Casual Aero 21JJ10,119900,68
9,Sepatu Piero Hanzo Evo - Hitam,305000,1
10,Aerostreet 36-45 Hoops Hitam Gum - Sepatu Sneakers Casual Aero 21JJ10,119900,30
11,sepatu kulit kickers delta boots safety tracking,160000,92
12,Sepatu Sneakers Sneaker Pria Wanita Sepatu Kerja Sekolah Casual Sepatu Kets Olahraga Running Lari,159000,1766
13,sepatu pria sneakers adidas terex vietnam sport running casual kets,160000,6
14,Sepatu Pria Pantofel Crocodile,110000,259
15,Sepatu Pantofel Pria Warna Hitam,50000,2558
16,Sepatu KULIT JOEMEN J 21 ORIGINAL sepatu kasual sepatu cowok sepatu kulit sepatu pria sepatu slip on,86400,147543
17,sepatu sports viral Bisa COD,35000,901
18,LEATHER CARE - AROMA COFFEE - PERAWATAN PELEMBAB PENGKILAP PELINDUNG  BAHAN KULIT ASLI SEPATU TAS JAKET JOK SOFA - ARMOR LEATHER RESTORER - NETT 65 GR,80000,12
19,Sepatu boots pria safety sepatu laki kerja proyek lapangan tracking touring terlaris,225000,100
20,Sepatu Sneakers Reebok Classic Running Sport Men Putih Size 39-43 Real Pict Ready Stock Sepatu Olahraga Pria Lari Jogging Street Walk,150000,100
21,Sepatu Sneakers Pria V 655 Brand Varka Sepatu Kets Kerja Sekolah Kuliah Murah Berkualitas Warna Krem,107136,14
22,sepatu pdl tali putar bahan kulit asli mirip Boa,650000,15
23,Sepatu PDH Jatah Dinas TNI POLRI Lax Mengkilap Tanpa Semir ARBOO Real Pic,150000,17
24,Sepatu Sneakers Casual Pria Nike Blazer Low X REIGNING CHAMP 2.0 Suede Grey Ukuran 40 - 44 Premium BNIB FRee KAos kaki,569000,12
25,sepatu NB new,1500000,86
26,KAITO 168-007 Sepatu Import Pria Sneakers Sport Shoes,138000,480
27,Sepatu Pria Pantofel Slip On Slop Kulit Swedian Formal Kerja Kantor Bloes Crocodile Kickers Bally,110000,20
28,sepatu pdh t3 sleting jatah tni polisi security pns kantor dll,120000,164
29,Sepatu Original Clothing Pria Low Boots Sneakers Casual Formal Kerja,170000,40
30,Sepatu Boots Casual Pria K1,190000,20
31,Sepatu PDL Ninja V2 Asli Kulit - NIKE SFB Tactical Replika Type NJM-New,249000,188
32,Sepatu Slip On Sport AIR-16,135000,28
33,Sepatu Sneakers Pria Blucrat Astley Sepatu Casual Pria Sepatu Pria Casual Sneakers,177000,10
34,Sepatu Sneakers Pria Blucrat Jaco Sepatu Slip on,129000,50
35,Sepatu Slip On pria sport England terlaris sepatu pria sport englan termurah,41990,99996
36,Sepatu Sneakers Pria Dan Wanita Crod-Dail Slip On,119900,24
37,Sepatu PDL TNI Polri Boa Parabellum Libra Original Limited Edition Box Coklat,2400000,196
38,AV - RIBSGOLD BASIC SNEAKER -SEPATU RIBSGOLD-,99900,87
39,SEPATU SAFETY KEVLAR HITAM KUNING IMPORT,346500,38
40,Sepatu Libra Boa Parabellum,2250000,1
41,Sepatu Sneakers Sneaker Pria Wanita Sepatu Kerja Sekolah Casual Santai Sepatu Kets Olahraga Running Lari Original,145000,752
42,Sepatu Boots Pria Kickers Zipper Sleting Kulit Formal Kerja Kantor Pdl pdh Pantofel,175000,63
43,Sepatu sneakers casual pria wanita sepatu running sport adidas sepatu olahraga sepatu running sneaker kets boots,150000,1342
44,SEPATU KICKERS BOOTS SAFETY,220000,36
45,Sepatu Original Clothing Pria Low Boots Sneakers Casual Formal Slip On Slop Bloes,170000,36
46,Sepatu Pria Terbaik Sepatu Casual Kantor Modern Sepatu Sepatu High Quality Terbaru Lavio Hilton Suede,185000,232
47,Sepatu Joemen J 49 Original Import Sepatu Pria Wanita Kerja Sekolah Olahraga,81600,998
48,Sepatu Safety - Safety Low Boots - Sepatu Kerja Safety Industry Proyek Safety Shoes Premium,135000,508
49,Sepatu Sneakers Pria Fashion Original Sneaker Import Casual Kasual Kekinian,128900,242
50,SEPATU SNEAKER EVERBEST PRIA ORIGINAL SNEAKERS CASUAL KETS KULIT ASLI BRANDED ALL FULL WHITE LEATHER PUTIH POLOS EM75,2449000,2
51,Paket Usaha Cuci Sepatu Minipack,119200,8889
52,JKUD SEPATU PRIA KULIT ASLI WARNA HITAM BANDUNG OIL SLIP RESISTANT,650000,120
53,JFAN SEPATU PANTOFEL PRIA KEREN BANDUNG OIL SLIP RESISTANT,650000,72
54,Style JSON70 Excelshoes by JSCO SEPATU PRIA SEPATU CASUAL Oil Slip Resistant,599000,194
55,Converse 70s AllStar Low Premium Quality Sepatu Sekolah Pria Wanita,179100,12
56,AP Boots 2017 Hijau lemon - Sepatu Boot Kerja Karet Hijau Tinggi Boots Aman Size 38-43 - AP BOOTS,82000,30
57,Sepatu Sneakers LACOSTES,135000,49
58,Sepatu casual kulit asli Dr. Boss Coklat,199000,32
59,Sepatu PDH Boa - Sepatu PDH Tali Putar - Sepatu PDH,700000,23
60,sepatu tomkins motor touring the getaway blk,480000,4
61,yonex sepatu badminton yonex,223000,71
62,Sepatu sneaker casual reebok pria sepatu sport running sneakers sepatu sekolah pria wanita sepatu running kets boots terbaru,145000,6307
63,SEPATU BOOTS CROCODILE ARMOR SAFETY TOURING SEPATU GUNUNG MOTOR PRIA ORIGINAL TERBARU,105000,8265
64,SEPATU KICKERS BOOTS KULIT PRIA,175000,41
65,sepatu Nike sepatu sekolah full black full Hitam sepatu Nike,170000,61
66,Converse 70s AllStarHigh Premium Quality Sepatu Sekolah Pria Wanita,188100,10
67,CONVERSE 70s ALLSTAR Motif HIGH PREMIUM QUALITY Sepatu Kece Muda Mudi Stok Terbatas,296650,10
68,Sepatu Pria Casual Sneakers Kekinian Lavio Arnold Original Terbaru,195000,198
69,Sepatu Sekolah TUJUH BELAS HIGH BLACKWHITE Sneakers Pria Wanita Ori,125000,500
70,SEPATU SLIP ON EVERBEST PRIA ORIGINAL CASUAL KULIT ASLI BRANDED ALL FULL BLACK LEATHER HITAM POLOS EM03,2489000,2
71,Sepatu Ventela x Evil x Papa Gading All Is Well Black Low Original - Sepatu Sneakers Casual Pria Wanita Original,373830,2
72,SEPATU BOOT KARET CELANA PANJANG PETANI SAWAH 110cm BOOT KARET PANJANG SEPATU SAWAH 110cm,270000,88
73,Sepatu casual kulit asli Dr. Boss Tan,199000,31
74,sepatu emprio armani sneaker pria kualitas mirror lv bally her mes pra da ada disini,1700000,2
75,Sepatu pdl jatah Polri  - Sabhara - Brimob  l   Sepatu Pdl Tali Putar,500000,7
76,Sepatu Pria Slip on Casual Sepatu Pria Kulit Hitam Formal Sepatu Kerja Terbaru Murah,110500,741
77,HZ66 PROMO Sepatu Casual Boot Pria Bahan Kulit Sapi Asli Coklat Size 39 - 43 Sepatu Boots Pria Safety Original Kickers Kerja,150000,500
78,Sepatu Boots Safety Pria Kickers Delta PDL Sepatu Tracking Motor Gunung Kerja Lapangan Proyek Tali Resleting Zipper Kulit,197500,188
79,sepatu pdh jatah  harian tni polisi security pns kantor dll,117000,389
80,Kickers Slip On. Sepatu Slop Pria Casual. Sneakers Santai Tanpa Tali.,158205,43
81,SEPATU KULIT BRADLEYS - SEPATU BOOTS CASUAL - SEPATU KERJA - SEPATU PRIA BRADLEYS FOSTER BLACK,250000,8
82,Sepatu Skechers Go walk 5  Apprize Original Skechers pria,340000,12
83,Sepatu Pantofel Karet Merk ATT AB 505 - Hitam,29000,34
84,Sepatu PDH Tali Putar Pakai Ressleting Ciarmy C-095 Kulit KILAP,799000,120
85,SEPATU SNEAKERS PRIA WANITA ALL STAR CONVERSE 70S HIGH,152500,1000
86,Sepatu Slip On Pria Terbaru V 552 Brand Varka Sepatu Sneakers Casual Terbaru Harga Murah Berkualitas,91239,10
87,CROCS WALUMAN WALUMEN SEPATU PRIA,170000,13
88,Sepatu Weidenmann Stinger 05 Original,234900,1
89,Vans Sepatu Vans Old School Vans Original Black White Chekerboad Navy Maroon Classic Pria Wanita,506500,985
90,"Sepatu safety Caterpillar Hauler 6"" CT ULTRADUTY OAK original",2800000,9
91,Sepatu sekolah sport running Adidas pria wanita sepatu sneaker sneakers casual pria sepatu boots kets casual kasual,145000,1878
92,Sepatu sneaker casual pria wanita sepatu sneakers olahraga sepatu running sport adidas sepatu kets kicker boots original,152000,810
93,Sepatu Sneakers Sneaker Casual Pria Bisa Untuk Sepatu Sekolah Sepatu Santai KEREN,147000,164
94,Sepatu Pantofel / sepatu kantor merk kickers,190000,960
95,Sepatu Pria Pantofel Crocodile Rempel Loafers Tali Kulit Swedian Formal Kerja Kantor Bloes,110000,45
96,Sepatu Converse Chuck Taylor All Star 70s Hi High MADE IN VIETNAM,160000,100
97,Sepatu Pria G1 Sepatu Running Olahraga Hitam Hijau,79999,3
98,Sepatu Converse Chuck Taylor All Star 70s Lo Low MADE IN VIETNAM,150000,100
99,Sepatu Sneaker Pria Import - Sneaker Fearless Run RR01 Running Shoes - Sneaker Kasual Santai,169000,143
100,Sepatu Murah Big Size Model A,80000,9998
101,Warrior Sparta High Cut Hitam Putih Biru Navy Merah Maroon Putih White Black  - Sepatu Sekolah Tinggi SMP SMA - Sepatu Pria Wanita - Sepatu Warrior,112999,2
102,Sport Shoes Pria B2 Sepatu Running Olahraga Hitam Putih,79999,5
103,Sepatu Kulit Nubuck Wanita Slip On Aidi Mocc Size 39 Hush Puppies,700000,1
104,SEPATU ADIDAS ORIGINAL QUESTAR FLOW,199000,100
105,Sport Shoes Pria B2 Sepatu Running Olahraga Hitam Merah,79999,1
106,SEPATU SAFETY MESH STRIP BIRU IMPORT,361000,41
107,Sepatu PDL TNI Polri Boa Parabellum Libra Tactical Boots Original Ukuran 40 dan 41 tanpa dus,2500000,4
108,Sepatu PDL TNI Polri Boa Parabellum Libra MK2 Original,3100000,999
109,Sepatu Sneakers Pria V 4012 Brand Varka Sepatu Kets OlahRaga Lari Joging Kuliah Sekolah Trendi Berkualitas Warna Navy Harga Murah,115040,8
110,sepatu converse all star chuck taylor 2 green army HIGH unisex premium vietnam,129900,299
111,Sepatu Sneakers Sneaker Pria Wanita Casual Sepatu Kerja Sekolah Olahraga Running Lari Import Original,159000,299
112,sepatu converse tanpa box,50000,241
113,Sepatu sneakers sport pria sepatu kets casual sport pria reebok pria wanita sepatu olahraga running boots terbaru,150000,564
114,Sepatu running Adidas Neo pria wanita sepatu olahraga sport sneaker sneakers safety fashion cowok slip on boots,145000,1328
115,Pennay Sepatu Sneakers Kasual Pria Serpent Jump6 - Sepatu Olahraga dan Santai Murah,87000,618
116,Warrior Classic Low Cut LC Hitam Putih Biru Navy Merah Maroon Putih White - Sepatu Sekolah Pendek SMP SMA - Sepatu Pria Wanita - Sepatu Sekolah Anak,113999,2
117,Warrior Classic High Cut HC Hitam Putih Biru Navy Merah Maroon Putih White - Sepatu Sekolah SMP SMA Cowo Cewe Tinggi - Sepatu Pria Wanita,119999,2
118,SEPATU COWOK ATAU CEWEK DAN VOLI,120000,8
119,Sepatu Sport FF1 Running Shoes Pria Hitam,79999,3
120,Sepatu Kulit Pria Lanofa LNF010 Cokelat,320000,437
121,Sepatu Adidas Ultra Boost 20 Dash Grey Blue Violet,530000,7
122,Sepatu safety CATERPILLAR STREAMLINE LEATHER COMPOSITE TOE WORK SHOE sepatu caterpilar original sepatu proyek,2600000,1
123,Sepatu CONVERSE ALLSTAR High Kulit Full Black Grade Original,356500,31
124,Highland Sepatu Slip on Pria  Santai Casual Formal Suede Kerja Kantor Kuliah,137700,60
125,SEPATU PRIA CONVERSE KULIT GUM LOW,80000,200
126,sepatu safety STARDO kulit,115000,10
127,sepatu safety boot pria kulit asli boyken fullblack,160000,12
128,Sepatu Pria Sneaker NSA Sporty,49825,9944
129,Sepatu Sneakers Casual Pria Reebok Sepatu Sport Running Sneaker Kets Sepatu Sekolah Olahraga Boots Terbaru,140000,3259
130,Sepatu converse all star  + box,123500,1216
131,Sport Shoes Pria PD5 Sepatu Running Olahraga HITAM,79999,6
132,Sepatu Vans OLD SKOOL Black White Premium Quality,139500,100
133,Sepatu Kulit Pria Lanofa LNF009 Shoes Black,320000,15
134,Sepatu Murah Big Size Model B,95000,100000
135,Sepatu PDL TNI Asli BUKAN KULIT,119000,540
136,sepatu puma hybrid,4000000,50
137,AP BOOTS TERRA ECO 5 SIZE 25-27 WARNA HIJAU - SEPATU AP BOOTS PENDEK TERRA ECO 5 HIJAU,59000,71
138,Sepatu Safety Shoes Arrow Krisbow Short 4 Inc,284900,5
139,PHM Shoes Fobos Sepatu Sneakers Pria Sepatu Olahraga Pria Kasual,98900,2
140,Sepatu Pria Running N-B1500 Import Made In Vietnam,165000,96
141,Sepatu Converse All Star High Classic Made Vietnam Casual Sport Running Pria,144500,47
142,sepatu safety BOYKEN pendek,150000,10
143,sepatu pentovel pdh kulit sapi asli ts untuk dinas tni polisi security pns kerja kantor instansi tali resleting,178500,44
144,sepatu pdh tmp jatah tni polisi pns security kantor dll,120000,884
145,Promo sepatu pdh pentovel jatah tni polisi security pns kerja kantor instansi,117000,890
146,Sepatu pria kerja safety ujung besi sepatu laki proyek lapangan tracking touring terlaris,255000,100
147,Sepatu boots pria kerja safety sepatu laki proyek lapangan tracking touring terlaris,225000,100
148,Sepatu Skechers Go Walk 6 Original Vietnam skechers pria,355000,13
149,Sepatu Pria Original Sneaker Pria Wanita Casual Simpel Promo Sepatu Sneaker Import Terbaik,158000,9999
150,Sepatu karet boots Slip licin koki Dapur kebun gudang indoor AP CHEF,165000,100
151,LEATHER CLEANER - PEMBERSIH KULIT SEPATU TAS JAKET JOK SOFA - ARMOR CLEANER - NATURAL WITH ESSENTIAL OIL - NETT 100 ML,57500,5
152,Sepatu Loafer Pria Formal Casual - Leder Loafer 2 Profesional Edition - Lederweren,295000,70
153,SEPATU SNEAKERS DC SHOES PRIA ORIGINAL SNEAKER SKATE GAVELER LEATHER KULIT 1,748000,5
154,SEPATU PDL MARCHAZ GEN 21 KULIT SAPI ASLI SEPATU PDL DINAS LAPANGAN TNI POLRI SECURITY SATPAM SEPATU BOOTS PRIA WANITA,390000,45
155,MANDIENS S173FB Sepatu Boots Kulit Asli Corak Buaya Model PDH TNI POLRI Sol Datar Tebal Resleting Tanpa Tali Cocok Untuk Umum Kerja Hiker Cowok,290000,100
156,Sepatu Safety Jogger Bestboy2 S3,312500,406
157,Sepatu Casual Formal Kickers Tracking Kulit Asli Pria Termurah,89280,419
158,SEPATU SAFETY KEVLAR BLACK WATERPROOF IMPORT,306000,33
159,Sepatu Boots Pria Import Martin Boot Leather Retro Leather Style,120000,683
160,Sepatu Boots Sawah Petani Peternak dan Mancing,145000,69
161,Sepatu pdh dinas malam tali pareasi dengan resleting untuk polisi tni security  pns kerja jatah,120000,72
162,Sepatu Pria Crocodile Slip On Quin Formal Slop Kerja Casual,135000,26
163,sepatu pantofel sepatu kerja kulit asli,230000,286
164,sepatu pentovel pdh kulit sapi asli kilap model jatah tni polisi security pns kerja kantor dll,162500,100
165,sepatu pdh jatah pentovel tni polisi security pns kerja kantor instansi dll,117000,48
166,taplak sepatu,9000,900
167,Sepatu Nike Air Jordan 4 Basket Sneakers Men Hitam Abu - Free Kaoskaki,210000,95
168,Sepatu sneakers pria original Import Renew Chuck 1990 Recycled Knit Unisex C24,115000,25
169,Sepatu Pantofel Karet Merk Sankyo SAF 1146 - Hitam,28000,3
170,Sepatu Boots Pria Original Terbaru Cladico Lion Low Kerja Lapangan Industri Safety Ujung Besi,165000,211
171,Sepatu pria Sneaker Kuzatura NC KZS 881,185000,10
172,Sepatu Boot Tinggi AP Boots AP 2018 ULTRAFLEX ABU TOURING INDUSTRI,118000,99
173,sepatu loafers kulit import guc-ci,348250,11
174,NB new basket hc tinggi sepatu wajib sekolah,86000,9
175,Sepatu Ventela Public Low Black Natural Original,231840,7
176,sepatu pdh tali 3 resleting cocok untuk tni polisi security pns kerja kantor instansi pasti rasa dll,120000,40
177,Sepatu Fashion sneakers pria model terbaru FASHION CHX,49825,86
178,Sepatu safety pendek model slop bahan kulit asli,115000,4
179,Sepatu Converse Putih White,48934,182
180,Sepatu sneakers casual pria wanita sepatu kets sneaker sepatu sekolah nike airmax sepatu running sport boots safety original,145000,1963
181,Sepatu Pria Pentopel kulit Asli Promo,297500,95
182,Sepatu Pentopel Pria Davis Kulit tali,300000,100
183,Justin Sepatu Kantor Tali Pria JA 06 HItam,122000,12
184,sepatu slip on sneaker guc ci mirror quality sepatu pria tanpa tali sepatu kets sepatu keren lv,1500000,5
185,Redzeal Sepatu Sneakers Pria Air Force Roar,90250,491
186,Redwing Shoes 8241 Sepatu safety Red Wings original USA,2750000,24
187,Sepatu Sneakers Casual Pria,159200,2
188,sepatu slip on import pria Lxxis vuit xion,316250,1
189,Sepatu Safety Cheetah 7012H,315000,90
190,sepatu jim joker pluto02,475000,5
191,sepatu pdh jatah tni security pns paskibra dll,110000,438
192,PROMO THR SEPATU TS JATAH DINAS MALAM TNI POLISI SECURITY PNS PASKIBRAKA DLL,120000,475
193,sepatu pdh jatah polisi tni security PNS kerja kantor pesta,149500,997
194,SEPATU PDH TALI 3 MODEL JATAH TNI POLISI PNS KANTOR PASKIBRAKA DLL,128000,99
195,sepatu pdh pdh pdu camat lurah dll,140000,98
196,MUMS649 Sepatu Men Loafers And Slip On Big Size 37 38 39 40 4142 43 44 45 46,600400,42
197,sepatu sneaker gc gg mirror quality sepatu pria kulit shoes cowo kets lv gu cci,1600000,5
198,SEPATU GALAXAR BLACK BLACK SOL ORANGE ORIGINAL,350000,100
199,Justin Sepatu Casual Pria JE 04 Hitam,119000,20
200,Sepatu Slip On Pennay Import Casual Canvas Terbaru,125000,622
201,Ventela Public Low - sepatu lokal - sepatu original - sepatu murah,290000,100
202,Sepatu Pria Ardiles AMIGOS Original Pria Wanita Kets Kerja Sekolah Kuliah Casual FULL BLACK Kanvas Hitam,85000,998
203,SEPATU PRIA WANITA  SLIP ON TERBARU ONKE AL03 SEPATU SNEAKERS TERMURAH,41800,99994
204,Mandien PDH SJ.K173 FBY Sol Tebal Sepatu Boots Pria Kulit Cetak Buaya Export Quality,325000,20
205,Mandiens R03 - Sepatu Pantofel PDH POLISI - Sepatu Boot Pantovel Pantofel Kerja - Sepatu Kulit Kilap Sintetis Asli Original - Sepatu Kantor Dishub Tni,160000,974
206,Sepatu Badminton YONEX Super Ace Light Original,98500,200
207,Ardiles Men Ergasin Sepatu Sneakers - Hitam Merah,133200,4
208,SEPATU ORIGINAL ADIDAS BECKENBAUER COLLEGIATE ALLROUND BLACK STRIP WHITE SOL GUM,499000,41
209,Sepatu Asics Onitsuka Mexico 66 CR  Unisex  Made In Japan Original Leather Kualitas Bergaransi dengan Jaminan  Kualitas Terbaik Store Guarantee,700000,15
210,Sepatu Capung - Kodachi 8116 - Kuning Biru,95000,2
211,Sepatu Pantofel Kulit Boots Tinggi Sleting crocodile bally clarks Kickers,160000,18
212,SEPATU PRIA CONVERSE CT LOW,144000,35
213,sepatu clarks pantofel kulit boots tinggi formal pria,130000,49
214,Sepatu Low Boots Slip On Casual Pria Original,180000,31
215,sepatu kickers kulit pria casual,135200,345
216,MANDIENS - Sepatu Formal Pria PRED.03,70000,10
217,Mandiens - PDH SJ174 Sepatu Kulit Original Medali Export Quality PDH TNI - PDH POLRI - Sepatu Pria,240000,19
218,MANDIENS - Sepatu Kulit Pria SJ.K182 Original Medali Sol Tebal Koboi Export Quality,315000,10
219,Mandiens - PDH SJK383 Export Quality Sepatu Boots Kulit Kilap Pria  Sepatu Kulit Junggle Sol Tebal,333000,88
220,SEPATU PUMA RALPH SAMPSHON WHITE BLUE ORIGINAL,300000,98
221,Sepatu PDL Jatah POLRI terbaru 2020 asli original brimob sabhara,350000,10
222,PROMO - Sepatu Sneakers sport Import Light Original Murah,95000,186
223,Sepatu Casual Pria Kuzatura NC KZS 316,130200,60
224,Aerostreet 36-45 Tokyo Putih Natural Merah - Sepatu Sneakers 21II210,119900,0
225,sepatu nike air jordan kw super,500000,4
226,Sepatu Formal Pria Slip On Slop Casual Original,170000,19
227,Sepatu Boots Casual Pria Anthoni,200000,10
228,Adidas sepatu Adidas,170000,189
229,Sepatu casual pria premium sepatu kerja sepatu safety anak cowok dewasa original sepatu formal kantor modern sepatu high quality sekolah terbaru,265000,256
230,sepatu kulit asli pria kickers casual,135200,347
231,SEPATU SNEAKERS SEKOLAH HITAM POLOS NIKE ZOOM CROOS PRIA WANITA MODEL SPORT FULL NLACK,78000,83
232,SEPATU PDL TNI POLRI OUTSOLE RADIAL NINJA HITAM DOFF TERLARIS,199909,125
233,SEPATU ADIDAS NEO CITY RACER OLIVE GREEN ORIGINAL INDONESIA,200000,15
234,Sepatu Kasual Sneakers Pria Hitam Terbaru - Sepatu Distro - Mils Original Exclusive - Sepatu Casual Formal Kerja Kantor,133000,99
235,Sepatu PX Style 128 Varian Warna,62000,50
236,JUAL SEPATU NIKE AIR MORE UPTEMPO BLACK WHITE - PREMIUM ORIGINAL BASKET BALL AIR MORE UPTEMPO,499900,5
237,SEPATU PDL LIBRA SARANG TAWON WARNA HITAM MERK MISIL KULIT SAPI ASLI SEPATU PDL TNI POLRI SECURITY SATPAM SATPOL PP DINAS LAPANGAN,370000,47
238,IMPORT TERBARU SEPATU SLIP ON PRIA SPORT ONKE HIGH QUALITY,99900,760
239,Sepatu Sneakers Pria Wanita X-C20 Fashion import,145000,49
240,sepatu crocs walu men,185000,29
241,Sepatu Vans Old Skool V Velcro Black White Made In China Premium Import,397000,56
242,Sepatu Sandal Pria Lacoste Amazon SLS721 Kulit Asli Slip On Slop Casual Sendal Jepit Murah Keren Promo Bukalapak Crocodile Pantofel Boots,130200,2
243,Sepatu Pria Sneakers Olahraga Casual Kets Sneaker Running Lari Sport Jogging Adidas Alphabounce 2.0 Running  Import,175000,81
244,sepatu boots touring pria kulit asli kickers,144100,327
245,Sepatu Pantofel Pria Murah Kickers Steven Formal Casual Cowok Dinas Kerja Kantor,55000,824
246,sepatu polos px style,65000,5
247,sepatu polos px style sneakers,65000,5
248,SEPATU SEKOLAH SNEAKERS IMPORT SEPATU IMPORT,85000,1
249,Sepatu Boots Kulit / Borsa - Cruiser 'Brig',594900,113
250,SEPATU NIKE 720 FULLTAB RUNNING SPORT MEN HITAM PUTIH SIZE 39-43 REAL PICT READY STOCK SEPATU OLAHRAGA LARI JOGGING GYM RINGAN BERKUALITAS VIETNAM,170000,100
